Indicador,x1,x2,x3,x4,x5,x6,Fitness,Fitness Secundario
Mejor,7.020510519392774e-05,0.09693744595035644,0.39999708899941805,0.33679239198894684,0.14756114066734666,0.021100066673768444,-0.6827248547699908,0.043223581766807385
Media,4.773205244006396e-07,0.20725932101328218,0.39999891157950473,0.21946598917192428,0.15654751187081023,0.014005314764600705,-0.6369249706508328,0.05143370644693872
Peor,2.521707449366729e-07,0.209473598122464,0.3999990461398746,0.38899330794819764,0.15805357777533074,0.014172308841430446,2.1541479927397633,0.04697937979039652
