Indicador,x0,x1,x2,x3,x4,x5,Fitness
Mejor,6.548449592884163e-13,0.08166616327155247,0.3999999996062828,0.3997303281787778,0.12112640239045147,1.9654975656314377e-13,-0.6892465982345677
Media,2.0051105881536602e-13,0.08830464872046485,0.3999999983097555,0.393666305048127,0.12039169583232354,2.975882712587752e-13,-0.6878218678093498
Peor,6.448639706560752e-13,0.09145427713631321,0.3999999995952377,0.39879270079819007,0.12719916760035882,2.4136266840084377e-13,-0.665881965494808
