Indicador,x1,x2,x3,x4,x5,x6,Fitness,Fitness Secundario
Mejor,3.8896461247484155e-06,0.09683034553116235,0.3999999409523002,0.14060996087550579,0.3602873936707253,0.005074198316786388,-0.6774416935079416,0.05327726701861146
Media,2.2598384176460096e-08,0.21746331867654864,0.39999973730199756,0.07346804306183004,0.3035204848225833,2.9765828489046756e-05,-0.6078070976212403,0.06153110526233428
Peor,4.04659230839632e-07,0.09349385926823028,0.39999974017972045,0.07060517707463726,0.2653470923530963,0.0008740051241680963,2.282229088871901,0.053737054988564036
