Indicador,x0,x1,x2,x3,x4,x5,Fitness
Mejor,2.2124776251935336e-14,0.12186819135363691,0.3999999997069069,0.19146521391214832,0.28892999680498843,3.616657191892093e-14,-0.6793127468010713
Media,1.7687622157381755e-14,0.12372840817000848,0.3999999996671547,0.19399554870935792,0.2907375143797602,3.016899197998168e-14,-0.6519823793374234
Peor,2.1592076516735493e-14,0.15283279584485296,0.39999999970614797,0.24006594055651692,0.3171543959321553,3.717448053799501e-14,0.48105542080741215
