Indicador,x1,x2,x3,x4,x5,x6,Fitness,Fitness Secundario
Mejor,3.6306436967830252e-09,0.0684864209463912,0.3999999935647349,0.39999999115987434,0.13269507992479176,9.644792801853636e-08,-0.6896644378974816,0.0427912928297498
Media,1.4968545701834685e-10,0.10781602204492707,0.39999999392326524,0.39999996454784537,0.10284210357516475,4.559765302607549e-10,-0.6164567082814383,0.04258310051545117
Peor,2.595873740328202e-10,0.1870648902267916,0.3999999946768206,0.3999999682834387,0.17790449576672973,4.826360196184049e-10,1.9610853329490514,0.046823094820175604
