Indicador,x0,x1,x2,x3,x4,x5,Fitness
Mejor (Fitness),0.25331037909225795,0.24428111327204702,0.004094802877569548,0.1839940936646057,0.21815845941824968,0.09587424567085227,0.0017652154321356622
Peor (Fitness),0.21677047090730187,0.18176456910572875,0.005455038746161667,0.24668966337312198,0.17243304050684433,0.17656491671630895,0.002354879202020443
Media,0.24968382617292367,0.18443286100987982,0.012447590958803068,0.20282348766567537,0.20298717287088444,0.14767971903198213,0.0021209187121180805
Desv. Estándar,0.01701813284348206,0.03196903310185304,0.008209857155099403,0.03136058945551464,0.026625714462489517,0.028676597360722225,0.00022337975207915655
