Indicador,x1,x2,x3,x4,x5,x6,Fitness,Fitness Secundario
Mejor,0.28629573819715254,0.15518872758462027,0.021816050504335154,0.23903185645324904,0.15113838277371808,0.14630646993987276,0.0020767433195336385,-0.3771859890138028
Media,0.2506738053949404,0.002454528425072912,7.484474167314304e-05,0.3565052935736976,0.017500520893244994,0.3621536983061279,0.175307901472753,-0.3461895036487717
Peor,0.24367092119340508,0.017424323035348924,0.0024107117972713716,0.23272418788226612,0.021595599952708947,0.02142437723103377,23.755550823402896,-0.19118649479948824
