Indicador,x0,x1,x2,x3,x4,x5,Fitness
Mejor,0.25536346270624755,0.15151300502334497,0.008002884977883814,0.19093506679426517,0.22558542991456437,0.16987414373011644,0.002338418672512641
Media,0.20410203951462663,0.15171299439309774,0.08267507484765677,0.19019665733949978,0.22302317501408114,0.16967710871023292,0.19110365545197552
Peor,0.27889792764737653,0.14856245591920658,0.08252015048602115,0.2608022519125675,0.29172429567135355,0.16491962941317612,5.178550168836093
