Indicador,x0,x1,x2,x3,x4,x5,Fitness,Fitness Secundario
Mejor (Fitness),0.3212318005590906,0.15557284977843838,0.009384234679124415,0.19625488654764608,0.1884006406763,0.12957015613926207,0.0017147135318633707,-0.3626339765245863
Peor (Fitness),0.17936969176523884,0.22174902664466659,0.03728683108399984,0.2419045392003166,0.13317671726467853,0.18582141807640484,0.0030004633929412382,-0.4042553455926395
Media,0.24572017969693194,0.1881608780034564,0.024145162193084355,0.20368690081917312,0.199800662116904,0.13835288846867955,0.002414088769682049,-0.3875743884178887
Desv. Estándar,0.04949855028629374,0.028049446587513488,0.015710801418912606,0.03580288867450303,0.048403366440408734,0.0327968880013058,0.0004270116605012835,0.01926815962709932
