Indicador,x1,x2,x3,x4,x5,x6,Fitness,Fitness Secundario
Mejor,0.19458546219585082,0.16169480773909645,0.030780962968756577,0.2053449765651562,0.22866670829293095,0.17868260498144545,0.0029647448430108613,-0.39907383025010723
Media,0.12109463964837368,0.09097954266516799,0.04430487526406706,0.38623197052516917,0.005367667425224814,0.35656666177831886,0.2357684551235537,-0.409290321924796
Peor,0.2848617045410627,0.18409774152940314,0.06697687012075,0.3790943822716345,0.21008448770400662,0.36400216233573474,23.93169032305192,-0.5966569666516925
