Indicador,x0,x1,x2,x3,x4,x5,Fitness
Mejor,0.26600049984202023,0.16384204477520894,0.02351852657659668,0.16152992391406895,0.22974563356273678,0.1551390713689898,0.0021634261971380615
Media,0.16064778085322326,0.18275402529521062,0.08572682468285203,0.19712329863705363,0.2392441284665714,0.1765779715620928,0.809453043014921
Peor,0.30429167082958347,0.17387708127593854,0.16008539021369678,0.374072438675617,0.23370176243628069,0.1668204773468447,17.0557619117423
