Indicador,x1,x2,x3,x4,x5,x6,Fitness,Fitness Secundario
Mejor,0.25261730884549893,0.20843995057655557,0.03647201050476669,0.23494866797101635,0.18194343394452706,0.0853059334635271,0.0025343326731805697,-0.40130034515506857
Media,0.39943534153795623,0.21027283656871049,9.314230950197434e-05,0.38881671936540846,0.00046464337303804375,0.013822053414740645,0.18249887077483462,-0.36706351363467554
Peor,0.3941688769953911,0.21464703425662798,0.0326208945032258,0.38019836833668036,0.16273184076376268,0.1383562151470114,10.4201088353082,-0.5080691197538623
