Indicador,x0,x1,x2,x3,x4,x5,Fitness
Mejor,0.25331037909225795,0.24428111327204702,0.004094802877569548,0.1839940936646057,0.21815845941824968,0.09587424567085227,0.0017652154321356622
Media,0.2186270082740811,0.2613491983511745,0.031233243649283985,0.1952974194798111,0.1779709595557843,0.10295413173576387,0.09190216250871948
Peor,0.21544025142903286,0.24080185995470157,0.004950547174706164,0.18110151118019735,0.12610140970460068,0.09425873574263574,1.9457182066903091
