Indicador,x1,x2,x3,x4,x5,x6,Fitness,Fitness Secundario
Mejor,0.2670327233368043,0.16195514633376087,0.026482628351314694,0.18455231037771638,0.21433555515201735,0.14605864131551477,0.002107498845814419,-0.3825984374322957
Media,0.2924483234233128,0.09018270198262932,0.0030932005885843097,0.22189408971743838,0.37908949464776737,0.015084998328436636,0.01953215598497641,-0.38931331200117436
Peor,0.30974199308462336,0.10304028408688654,0.0019008326202846276,0.25103199801409115,0.38241452759554123,0.012577763592478055,0.3807025086297761,-0.4123261613324396
