Indicador,x1,x2,x3,x4,x5,x6,Fitness,Fitness Secundario
Mejor,0.25559210155690554,0.12449844693461706,0.051816053572434156,0.23403400859713133,0.18246102928775487,0.15147160360007045,0.003066458580593451,-0.40161438044730846
Media,0.08357446318587378,0.05053418774639485,0.03806202891303097,0.3866686242764446,0.3833028080892273,0.05178957482890355,0.04308642651118352,-0.4611917567116295
Peor,0.06368962007486204,0.051193378223015985,0.03152118702702634,0.3903940940983262,0.3863980641977777,0.008090633220396527,0.5058469521791334,-0.4411276764419253
