Indicador,x1,x2,x3,x4,x5,x6,Fitness,Fitness Secundario
Mejor,0.2690728585735769,0.15400457313978635,0.0009829348511765422,0.14111028138574427,0.2811346462192612,0.1536168070384043,0.002231233980958827,-0.3654415473498558
Media,0.39936508584637576,0.00037657341281462304,0.040304890668515184,0.0031127944311569724,0.3992566780008749,0.17598237872703495,0.27240516777082835,-0.3583452513852639
Peor,0.3998999290934182,1.1767434154688122e-10,0.07094270775864871,0.006293922067537632,0.39969827378575407,0.31181125688729705,3.5747606915217034,-0.4314742376681604
