Indicador,x0,x1,x2,x3,x4,x5,Fitness
Mejor,0.21677047090730187,0.18176456910572875,0.005455038746161667,0.24668966337312198,0.17243304050684433,0.17656491671630895,0.002354879202020443
Media,0.20139296430992082,0.18248047993744987,0.10008581038149596,0.19388592053963652,0.15015818461082742,0.17736484436997735,0.026373270278522928
Peor,0.2160825092689907,0.20319594344866854,0.07755639817059351,0.2431231875639053,0.19154136715585718,0.17656060168990234,1.1721717663389346
