Indicador,x1,x2,x3,x4,x5,x6,Fitness,Fitness Secundario
Mejor,0.0,0.1765228985996474,0.3999999987427804,0.39999931312978776,0.025938558772071622,1.0103274170200723e-18,-0.6854654712273162,0.04352269787278698
Media,0.0,0.17343863485566904,0.3999998867431695,0.39999889863010335,0.009529730275509879,1.0103274170200509e-18,-0.43247459886317374,0.04323868281008211
Peor,0.0,0.03611265319951171,0.3999998351600548,0.399998199660474,0.001620968839014406,1.0103274170200723e-18,2.017189623570716,0.03867694130200157
