Indicador,x0,x1,x2,x3,x4,x5,Fitness
Mejor (Fitness),3.871183083929887e-08,0.003049112363419899,0.39999992444350396,0.3937058783423975,0.20527879357468504,3.154990312375794e-08,-0.6921481273627473
Peor (Fitness),1.0176160748624947e-07,0.08450111283225148,0.39999999264609154,0.36773487973531177,0.15354640731360739,4.443078647419326e-05,-0.6866072912724488
Media,2.8239786726880584e-08,0.06681817917289691,0.39999998191047015,0.38889299136169625,0.14757923574723492,8.892640754882501e-06,-0.6890778900493878
Desv. Estándar,3.966620379768171e-08,0.048769620573440364,2.8873975220220708e-08,0.012263795014547722,0.053226145013243104,1.7769076985942065e-05,0.0020917876731675815
