Indicador,x0,x1,x2,x3,x4,x5,Fitness
Mejor,1.0176160748624947e-07,0.08450111283225148,0.39999999264609154,0.36773487973531177,0.15354640731360739,4.443078647419326e-05,-0.6866072912724488
Media,1.617589916713258e-07,0.1361195963193371,0.39999999610798864,0.3076884417450131,0.15329004196548002,1.3066589596448708e-06,-0.6427244014514464
Peor,8.20629967367869e-08,0.06400737416121582,0.39999999165881917,0.29848866270768043,0.11438699855864656,4.1392194819709165e-06,0.8869282637437605
