Indicador,x0,x1,x2,x3,x4,x5,Fitness
Mejor,6.888947915824924e-11,0.09225791399032322,0.3999999988563183,0.3999999933701156,0.10989013689636051,7.084395128233495e-10,-0.688836373360419
Media,5.809091976391852e-11,0.09675742797546491,0.3999999990303433,0.39999999402291675,0.11451069301449449,6.176698122649049e-10,-0.6066324466485661
Peor,5.336513529544338e-11,0.16889859540822286,0.3999999989280748,0.3999999941991874,0.20112740524655426,5.554198237243869e-10,2.1274278641690305
