Indicador,x1,x2,x3,x4,x5,x6,Fitness,Fitness Secundario
Mejor,1.8461297607884096e-18,0.4,0.4,0.0,0.0,0.20894488253073482,0.18127547838885427,0.11033630328838709
Media,1.8461297607883507e-18,0.39999999999999153,0.39999999999999153,0.0,0.0,0.21348907727093883,0.22298096325973518,0.110715265121754
Peor,1.8461297607884096e-18,0.4,0.4,0.0,0.0,0.30129219863125434,1.0288158494049129,0.11868625216859464
