Indicador,x1,x2,x3,x4,x5,x6,Fitness,Fitness Secundario
Mejor,6.1120575511793126e-18,0.4,0.4,0.0,0.0,0.2089448821576999,0.18127547838885427,0.11033630325741356
Media,6.112057551179358e-18,0.39999999999999153,0.39999999999999153,0.0,0.0,0.20494777519585783,0.20660580791631067,0.11000569689432879
Peor,6.1120575511793126e-18,0.4,0.4,0.0,0.0,0.14504446264319348,0.5862230279217564,0.10535723703857863
