Indicador,x0,x1,x2,x3,x4,x5,Fitness
Mejor,3.871183083929887e-08,0.003049112363419899,0.39999992444350396,0.3937058783423975,0.20527879357468504,3.154990312375794e-08,-0.6921481273627473
Media,3.5358667359732352e-09,0.02241679294420238,0.3999998452518428,0.39331663371677433,0.17422048532702505,3.055341509866926e-09,-0.48667403071896265
Peor,3.6403194230749414e-09,0.0004407754594048553,0.39999986529294773,0.3933896579936252,0.003395680152110808,2.919157401381049e-09,3.51328826290906
