Indicador,x0,x1,x2,x3,x4,x5,Fitness
Mejor,6.975803009974284e-14,0.13481668692184756,0.3999999999715604,0.3999999996606431,0.06735062705562836,7.288877543868258e-13,-0.6871345719262633
Media,4.471023421018258e-14,0.12857034663751754,0.39999999935501657,0.3999999968761096,0.06431631328483305,3.8993940310155007e-13,-0.577385955500961
Peor,4.3028558806186615e-14,0.0049409466071098085,0.39999999918629575,0.3999999953705808,0.002465409572418434,1.3782964975034668e-14,3.1060220908147866
