Indicador,x1,x2,x3,x4,x5,x6,Fitness,Fitness Secundario
Mejor,3.738951121411955e-15,0.3722813125611695,0.39999999228392963,0.2303392803740752,2.898982478543032e-07,2.6665328545548306e-16,-0.6708410184617389,0.06681148090525932
Media,6.97310809838745e-18,0.383460374415425,0.3999998560554096,0.21278194387778251,0.0009928478485699693,8.457599343914791e-19,-0.6491487546580328,0.06953830933762387
Peor,3.4300517230648143e-18,0.3841772962020513,0.3999999245390733,0.048474786956135385,0.0012512551258484436,4.50226610381235e-18,2.1726452503010463,0.0875220647538428
