Indicador,x1,x2,x3,x4,x5,x6,Fitness,Fitness Secundario
Mejor,9.984699364577793e-12,0.001877193169432154,0.3999999999971244,0.39999989033312905,0.20035357915944246,1.7442553825675212e-11,-0.6924534271133048,0.04548295206519124
Media,8.121224700838939e-14,0.025085506671191138,0.39999985704245644,0.3999987464675992,0.1736618120192524,1.036227381352148e-13,-0.6805972458170069,0.04413643847146293
Peor,1.1817946809930658e-14,0.025894977672873628,0.3999996569886144,0.39999814462643,0.05470727408996641,4.1896873383462546e-16,0.7895947593302883,0.03982355487175905
