Indicador,x1,x2,x3,x4,x5,x6,Fitness,Fitness Secundario
Mejor,1.6045218436796113e-11,2.0730936724802662e-11,0.3999950872683812,0.35991238543300236,0.06892297243527507,0.1724112633468316,-0.6632250423161442,0.03973487059610265
Media,6.431890633128324e-14,9.475758734050148e-14,0.3999319974069889,0.36325280836511037,0.0039063507278280065,0.22113499570896722,-0.5543876858708154,0.039542573874478806
Peor,2.9257924849800648e-15,5.32203178060339e-15,0.39985833856409475,0.3540389993307685,0.0024449091944154897,0.12410055742348342,0.8141596355912067,0.037929533555845545
